{"cameraMode":{"drawMode":0,"name":"Shaded","section":"Shading Mode"},"sceneLighting":true,"audioPlay":false,"sceneViewState":{"m_AlwaysRefresh":false,"showFog":true,"showSkybox":true,"showFlares":true,"showImageEffects":true,"showParticleSystems":true,"showVisualEffectGraphs":true,"m_FxEnabled":true},"in2DMode":false,"pivot":{"x":31.218292236328126,"y":19.17401123046875,"z":25.563034057617189},"rotation":{"x":-0.08470473438501358,"y":0.8918694853782654,"z":-0.18759441375732423,"w":-0.40278688073158266},"size":15.789064407348633,"orthographic":true}